{"stats":{"minecraft:broken":{"minecraft:iron_boots":1,"minecraft:iron_pickaxe":1,"minecraft:iron_helmet":1},"minecraft:picked_up":{"minecraft:crafting_table":4,"iceandfire:witherbone":3,"soulsweapons:moonstone":3,"minecraft:cornflower":1,"minecraft:red_bed":1,"minecraft:blackstone":154,"minecraft:cobbled_deepslate":74,"minecraft:spruce_planks":1,"minecraft:written_book":1,"immersive_melodies:triangle":1,"minecraft:furnace":5,"minecraft:spruce_pressure_plate":1,"minecraft:stick":7,"minecraft:raw_iron":26,"iceandfire:dragonbone":2,"minecraft:stone":6,"iceandfire:dragon_skull_ice":1,"minecraft:rotten_flesh":3,"minecraft:light_gray_bed":3,"iceandfire:silver_ingot":1,"minecraft:arrow":28,"magistuarmory:steel_ingot":26,"minecraft:peony":1,"minecraft:hay_block":2,"minecraft:obsidian":12,"minecraft:white_wool":1,"minecraft:cobblestone":63,"minecraft:lilac":1,"minecraft:leather":1,"minecraft:tuff":23,"iceandfire:ectoplasm":4,"minecraft:yellow_bed":1,"farm_and_charm:onion":4,"minecraft:dirt":1,"lootr:trophy":1,"minecraft:bone":17,"minecraft:apple":15,"minecraft:orange_tulip":1,"minecraft:iron_ingot":1,"minecraft:iron_sword":1,"minecraft:scaffolding":1,"minecraft:gravel":16,"minecraft:spruce_sapling":7,"minecraft:blast_furnace":2,"minecraft:spruce_log":17,"minecraft:spider_eye":1,"immersive_melodies:piano":1,"minecraft:diamond":37,"minecraft:spruce_sign":2,"soulsweapons:verglas":7,"horseshoes:iron_horseshoes":3,"minecraft:coal":84},"minecraft:custom":{"lootr:looted_stat":26,"incapacitated:times_incapped":3,"minecraft:interact_with_anvil":1,"minecraft:mob_kills":46,"minecraft:interact_with_crafting_table":31,"minecraft:open_barrel":1,"minecraft:eat_cake_slice":2,"minecraft:leave_game":7,"minecraft:time_since_death":56473,"minecraft:climb_one_cm":13720,"minecraft:sprint_one_cm":281107,"minecraft:walk_one_cm":210169,"minecraft:drop":51,"minecraft:play_time":84523,"minecraft:deaths":3,"minecraft:sneak_time":751,"minecraft:walk_under_water_one_cm":3379,"minecraft:jump":2764,"minecraft:interact_with_blast_furnace":12,"minecraft:walk_on_water_one_cm":8513,"minecraft:total_world_time":84523,"minecraft:interact_with_furnace":23,"minecraft:sleep_in_bed":2,"minecraft:time_since_rest":2198,"minecraft:damage_taken":4844,"minecraft:trigger_trapped_chest":1,"minecraft:damage_dealt":7540,"minecraft:swim_one_cm":21215,"minecraft:fly_one_cm":753741,"minecraft:open_chest":56,"minecraft:crouch_one_cm":1779,"minecraft:fall_one_cm":93907},"minecraft:dropped":{"minecraft:spruce_sign":1,"minecraft:iron_sword":2,"minecraft:lilac":1,"minecraft:orange_tulip":1,"minecraft:iron_helmet":1,"minecraft:cobblestone":1,"minecraft:leather":1,"minecraft:stick":2,"minecraft:dirt":1,"minecraft:cornflower":1,"magistuarmory:steel_ingot":26,"minecraft:iron_leggings":1,"immersive_melodies:triangle":1,"minecraft:iron_pickaxe":1,"horseshoes:iron_horseshoes":3,"minecraft:gravel":16,"lootr:trophy":1,"minecraft:blackstone":9,"minecraft:tuff":16,"minecraft:raw_iron":9,"minecraft:rotten_flesh":3,"minecraft:iron_boots":1,"minecraft:filled_map":1,"minecraft:spruce_planks":1,"minecraft:peony":1,"minecraft:spruce_pressure_plate":1,"iceandfire:silver_ingot":1,"minecraft:spider_eye":1,"minecraft:arrow":13,"minecraft:scaffolding":1},"minecraft:killed_by":{"iceandfire:cyclops":1},"minecraft:killed":{"minecraft:spider":2,"minecraft:skeleton":11,"minecraft:rabbit":1,"minecraft:sheep":2,"minecraft:zombie":11,"iceandfire:ghost":11,"minecraft:wither_skeleton":4},"minecraft:used":{"minecraft:iron_shovel":1,"minecraft:flint_and_steel":3,"minecraft:chest":1,"minecraft:iron_sword":98,"farm_and_charm:onion":4,"minecraft:tuff":7,"minecraft:obsidian":2,"minecraft:iron_axe":23,"minecraft:iron_boots":2,"minecraft:diamond_chestplate":1,"minecraft:bow":2,"minecraft:furnace":4,"minecraft:potato":20,"minecraft:cobbled_deepslate":74,"minecraft:light_gray_bed":3,"minecraft:water_bucket":5,"minecraft:diamond_boots":1,"minecraft:blackstone":16,"soulsweapons:bluemoon_shortsword":66,"minecraft:crafting_table":5,"minecraft:red_bed":1,"magistuarmory:diamond_zweihander":5,"minecraft:blast_furnace":5,"minecraft:diamond_pickaxe":177,"minecraft:apple":1,"soulsweapons:holy_greatsword":20,"minecraft:iron_pickaxe":791,"minecraft:bread":32,"minecraft:spruce_sapling":1,"minecraft:bucket":6,"minecraft:yellow_bed":1,"minecraft:diamond_leggings":1},"minecraft:mined":{"minecraft:tuff":30,"minecraft:spruce_planks":1,"minecraft:deepslate_diamond_ore":38,"minecraft:light_blue_concrete":3,"minecraft:obsidian":12,"minecraft:ladder":4,"minecraft:grass_block":1,"minecraft:light_gray_bed":4,"minecraft:coal_block":2,"minecraft:spruce_leaves":2,"minecraft:hay_block":2,"minecraft:furnace":5,"minecraft:cobbled_deepslate":1,"minecraft:fire":4,"treechop:chopped_log":1,"soulsweapons:moonstone_ore_deepslate":3,"minecraft:deepslate_iron_ore":26,"minecraft:vine":1,"minecraft:packed_ice":54,"minecraft:blue_orchid":1,"minecraft:stone":62,"minecraft:red_bed":1,"minecraft:blackstone":389,"soulsweapons:verglas_ore_deepslate":7,"minecraft:crafting_table":4,"minecraft:cornflower":1,"minecraft:blast_furnace":2,"minecraft:calcite":26,"farm_and_charm:wild_onions":1,"minecraft:purple_stained_glass":2,"minecraft:ice":8,"minecraft:yellow_bed":1,"minecraft:grass":6,"minecraft:coal_ore":29,"minecraft:gravel":22,"minecraft:deepslate":247},"minecraft:crafted":{"minecraft:smooth_stone":9,"minecraft:furnace":2,"minecraft:blast_furnace":3,"minecraft:stone":3,"minecraft:flint_and_steel":1,"magistuarmory:diamond_zweihander":1,"minecraft:diamond_helmet":1,"minecraft:iron_boots":1,"magistuarmory:steel_ingot":26,"magistuarmory:steel_rondache":1,"minecraft:chest":1,"minecraft:diamond_boots":1,"iceandfire:dragonbone_sword":1,"soulsweapons:bluemoon_shortsword":1,"magistuarmory:diamond_shortsword":1,"minecraft:crafting_table":2,"minecraft:spruce_planks":20,"magistuarmory:wood_roundshield":1,"minecraft:bucket":1,"minecraft:air":0,"minecraft:golden_apple":7,"minecraft:diamond_pickaxe":2,"minecraft:stick":8,"minecraft:iron_ingot":17,"magistuarmory:leather_strip":6,"minecraft:diamond_chestplate":1}},"DataVersion":3465}