{"stats":{"minecraft:custom":{"minecraft:jump":8,"minecraft:time_since_rest":33885,"minecraft:deaths":1,"minecraft:walk_on_water_one_cm":1020,"minecraft:sprint_one_cm":1154,"minecraft:play_time":47410,"minecraft:damage_taken":419,"minecraft:time_since_death":32720,"minecraft:walk_one_cm":3392,"incapacitated:times_incapped":1,"minecraft:total_world_time":47410,"minecraft:walk_under_water_one_cm":32164,"minecraft:fly_one_cm":229},"minecraft:picked_up":{"pack_it_up:backpack":1,"iceandfire:rotten_egg":1},"minecraft:killed_by":{"minecraft:zombie":1}},"DataVersion":3465}