{"stats":{"minecraft:custom":{"minecraft:time_since_rest":2504,"minecraft:interact_with_furnace":2,"minecraft:sprint_one_cm":27413,"minecraft:walk_one_cm":36451,"minecraft:damage_taken":23,"minecraft:interact_with_anvil":6,"minecraft:mob_kills":28,"minecraft:drop":1,"minecraft:damage_dealt":2947,"minecraft:interact_with_crafting_table":23,"minecraft:fly_one_cm":32782,"minecraft:open_chest":94,"minecraft:crouch_one_cm":143,"minecraft:open_shulker_box":2,"minecraft:play_time":14527,"minecraft:sneak_time":28,"minecraft:jump":248,"minecraft:interact_with_blast_furnace":4,"minecraft:time_since_death":14527,"minecraft:walk_on_water_one_cm":1194,"minecraft:sleep_in_bed":1,"minecraft:total_world_time":14527,"minecraft:climb_one_cm":2090,"minecraft:fall_one_cm":5085},"minecraft:killed":{"minecraft:cow":28},"minecraft:picked_up":{"minecraft:wheat":63,"minecraft:leather":50,"minecraft:wheat_seeds":173,"minecraft:beef":56,"minecraft:light_gray_wool":15,"camping:small_backpack":1,"minecraft:chest":1,"minecraft:white_wool":32,"minecraft:egg":7},"minecraft:crafted":{"pack_it_up:frame":2,"pack_it_up:pack_bench":1,"pack_it_up:backpack_bag":1,"minecraft:ladder":9,"minecraft:spruce_planks":48,"minecraft:stick":12,"minecraft:chest":6,"farmersdelight:diamond_knife":1,"magistuarmory:leather_strip":12,"minecraft:air":0},"minecraft:dropped":{"minecraft:iron_axe":1},"minecraft:used":{"minecraft:wheat_seeds":61,"soulsweapons:kirkhammer":4,"farmersdelight:diamond_knife":54,"minecraft:chest":6,"pack_it_up:pack_bench":1,"soulsweapons:moonstone_axe":64,"camping:small_backpack":1,"minecraft:cooked_beef":1},"minecraft:mined":{"minecraft:wheat":63,"minecraft:chest":1,"camping:small_backpack":1}},"DataVersion":3465}