{"stats":{"minecraft:custom":{"lootr:looted_stat":4,"incapacitated:times_incapped":9,"minecraft:interact_with_anvil":8,"minecraft:mob_kills":68,"minecraft:interact_with_crafting_table":55,"minecraft:open_shulker_box":5,"minecraft:interact_with_campfire":4,"minecraft:time_since_death":19364,"minecraft:climb_one_cm":2837,"minecraft:sprint_one_cm":175258,"minecraft:walk_one_cm":119285,"minecraft:drop":15,"minecraft:play_time":68527,"minecraft:deaths":9,"minecraft:sneak_time":684,"minecraft:walk_under_water_one_cm":809,"minecraft:boat_one_cm":247614,"minecraft:jump":1305,"minecraft:interact_with_brewingstand":1,"minecraft:interact_with_blast_furnace":14,"minecraft:walk_on_water_one_cm":8113,"minecraft:total_world_time":68527,"minecraft:interact_with_furnace":28,"minecraft:sleep_in_bed":5,"minecraft:time_since_rest":9855,"minecraft:damage_taken":15831,"minecraft:damage_dealt":8454,"minecraft:swim_one_cm":2168,"minecraft:fly_one_cm":221329,"minecraft:open_chest":331,"minecraft:crouch_one_cm":1610,"minecraft:fall_one_cm":22706},"minecraft:killed":{"iceandfire:ice_dragon":2,"minecraft:cow":66},"minecraft:picked_up":{"minecraft:crafting_table":1,"minecraft:wheat":63,"farmersdelight:cabbage_rolls":2,"minecraft:brown_mushroom":2,"minecraft:cornflower":5,"iceandfire:frozen_grass":4,"minecraft:moss_carpet":4,"minecraft:armor_stand":1,"brewery:hops":18,"minecraft:spruce_planks":11,"minecraft:beef":130,"farmersdelight:straw":2,"minecraft:light_gray_wool":15,"minecraft:sugar_cane":27,"minecraft:chest":1,"iceandfire:ice_dragon_heart":2,"minecraft:egg":226,"minecraft:dark_oak_sapling":6,"minecraft:stick":33,"iceandfire:dragonbone":17,"minecraft:spruce_stairs":1,"iceandfire:rotten_egg":5,"iceandfire:dragon_skull_ice":3,"farmersdelight:fried_egg":4,"iceandfire:silver_ingot":5,"minecraft:hay_block":2,"minecraft:white_wool":32,"minecraft:cobblestone":3,"minecraft:leather":115,"herbalbrews:tea_blossom":1,"iceandfire:dragonscales_blue":30,"minecraft:dirt":3,"minecraft:lantern":1,"minecraft:apple":20,"minecraft:wheat_seeds":175,"minecraft:moss_block":1,"minecraft:book":2,"iceandfire:dragonscales_sapphire":24,"minecraft:sand":9,"minecraft:spruce_sapling":53,"minecraft:spruce_log":280,"minecraft:spruce_door":2,"minecraft:dark_oak_log":71,"iceandfire:frozen_dirt":5,"minecraft:purple_bed":1,"minecraft:spruce_boat":6,"iceandfire:ice_dragon_flesh":3,"camping:small_backpack":4,"iceandfire:silver_nugget":46,"minecraft:oak_leaves":1},"minecraft:crafted":{"minecraft:smooth_stone":3,"minecraft:smooth_stone_slab":6,"pack_it_up:pack_bench":1,"iceandfire:armor_blue_helmet":1,"iceandfire:armor_blue_chestplate":1,"iceandfire:armor_sapphire_chestplate":1,"minecraft:stone":10,"candlelight:gold_ring":1,"iceandfire:armor_sapphire_leggings":1,"smallships:sail":2,"pack_it_up:frame":2,"magistuarmory:hilt":2,"magistuarmory:diamond_concavehalberd":1,"minecraft:ladder":9,"magistuarmory:steel_ingot":9,"minecraft:chest":14,"minecraft:spruce_boat":2,"iceandfire:armor_blue_boots":1,"magistuarmory:pole":1,"minecraft:dark_oak_planks":28,"minecraft:lead":4,"minecraft:cooked_beef":70,"pack_it_up:backpack":1,"iceandfire:armor_sapphire_helmet":1,"pack_it_up:backpack_bag":2,"minecraft:spruce_planks":104,"minecraft:copper_ingot":28,"minecraft:air":0,"minecraft:light_gray_bed":1,"iceandfire:armor_blue_leggings":1,"minecraft:stick":28,"minecraft:stone_slab":6,"minecraft:gold_ingot":5,"minecraft:armor_stand":1,"iceandfire:armor_sapphire_boots":1,"farmersdelight:diamond_knife":1,"pack_it_up:cloth":7,"magistuarmory:leather_strip":18},"minecraft:dropped":{"minecraft:glass_bottle":1,"minecraft:book":2,"minecraft:stick":2,"farmersdelight:cabbage_rolls":2,"minecraft:iron_axe":1,"minecraft:spruce_sapling":1,"iceandfire:dragonbone":4,"minecraft:moss_carpet":4,"minecraft:sugar_cane":13,"pack_it_up:backpack":1,"iceandfire:dragon_skull_ice":1,"iceandfire:frozen_grass":2,"iceandfire:rotten_egg":1,"iceandfire:silver_ingot":5,"minecraft:egg":16},"minecraft:broken":{"magistuarmoryaddon:embosed_parade_boots":1,"magistuarmoryaddon:closed_barbute":1,"magistuarmoryaddon:avant_leggings":1},"minecraft:used":{"minecraft:moss_block":1,"minecraft:iron_shovel":22,"farmersdelight:diamond_knife":173,"minecraft:armor_stand":2,"iceandfire:dragon_skull_ice":2,"minecraft:chest":11,"minecraft:spruce_planks":5,"pack_it_up:pack_bench":1,"candlelight:gold_ring":1,"minecraft:dirt":3,"minecraft:spyglass":2,"soulsweapons:moonstone_axe":182,"iceandfire:frozen_grass":2,"minecraft:spruce_boat":9,"soulsweapons:kirkhammer":17,"iceandfire:armor_blue_boots":1,"minecraft:beef":1,"minecraft:egg":65,"minecraft:cooked_beef":3,"minecraft:light_gray_bed":1,"farmersdelight:fried_egg":3,"minecraft:wheat_seeds":61,"iceandfire:armor_blue_helmet":1,"soulsweapons:moonstone_pickaxe":13,"minecraft:sugar_cane":12,"iceandfire:frozen_dirt":3,"camping:small_backpack":3,"minecraft:crafting_table":2,"minecraft:shears":1,"minecraft:apple":9,"soulsweapons:holy_greatsword":5,"minecraft:spruce_sapling":17,"magistuarmory:diamond_concavehalberd":6,"minecraft:potion":1,"minecraft:purple_bed":1,"farmersdelight:egg_sandwich":1},"minecraft:killed_by":{"iceandfire:ice_dragon":8},"minecraft:mined":{"minecraft:spruce_planks":2,"minecraft:grass_block":2,"iceandfire:frozen_grass":5,"minecraft:moss_block":2,"minecraft:hay_block":2,"minecraft:large_fern":1,"treechop:chopped_log":5,"minecraft:blue_orchid":1,"minecraft:stone":3,"minecraft:podzol":1,"minecraft:cornflower":2,"iceandfire:dragon_ice_spikes":10,"minecraft:crafting_table":1,"farm_and_charm:wild_carrots":1,"minecraft:chest":1,"iceandfire:frozen_dirt":6,"minecraft:sugar_cane":6,"camping:small_backpack":4,"minecraft:wheat":63,"minecraft:grass":13,"minecraft:sand":9,"minecraft:dirt":1,"minecraft:fern":23,"minecraft:oak_leaves":1}},"DataVersion":3465}