{"stats":{"minecraft:custom":{"minecraft:time_since_rest":7629,"lootr:looted_stat":2,"minecraft:interact_with_furnace":11,"minecraft:sprint_one_cm":64899,"minecraft:walk_one_cm":66280,"minecraft:damage_taken":66,"minecraft:interact_with_anvil":7,"minecraft:mob_kills":63,"minecraft:drop":4,"minecraft:damage_dealt":7263,"minecraft:interact_with_crafting_table":36,"minecraft:fly_one_cm":82690,"minecraft:open_chest":210,"minecraft:crouch_one_cm":303,"minecraft:open_shulker_box":4,"minecraft:play_time":32527,"minecraft:interact_with_campfire":4,"minecraft:sneak_time":81,"minecraft:walk_under_water_one_cm":335,"minecraft:boat_one_cm":30017,"minecraft:jump":553,"minecraft:interact_with_blast_furnace":14,"minecraft:time_since_death":32527,"minecraft:walk_on_water_one_cm":2702,"minecraft:sleep_in_bed":2,"minecraft:total_world_time":32527,"minecraft:climb_one_cm":2452,"minecraft:fall_one_cm":10694},"minecraft:killed":{"minecraft:cow":63},"minecraft:picked_up":{"minecraft:wheat":63,"minecraft:leather":113,"iceandfire:rotten_egg":3,"farmersdelight:fried_egg":4,"minecraft:spruce_boat":1,"minecraft:wheat_seeds":173,"minecraft:beef":126,"minecraft:light_gray_wool":15,"camping:small_backpack":2,"minecraft:sugar_cane":6,"minecraft:chest":1,"minecraft:white_wool":32,"minecraft:egg":85},"minecraft:crafted":{"minecraft:cooked_beef":5,"pack_it_up:backpack":1,"pack_it_up:frame":2,"magistuarmory:hilt":2,"magistuarmory:diamond_concavehalberd":1,"pack_it_up:pack_bench":1,"pack_it_up:backpack_bag":2,"minecraft:ladder":9,"magistuarmory:steel_ingot":9,"minecraft:spruce_planks":48,"minecraft:stick":12,"minecraft:chest":11,"minecraft:gold_ingot":5,"minecraft:copper_ingot":28,"farmersdelight:diamond_knife":1,"magistuarmory:pole":1,"pack_it_up:cloth":7,"candlelight:gold_ring":1,"magistuarmory:leather_strip":18,"minecraft:air":0},"minecraft:dropped":{"pack_it_up:backpack":1,"iceandfire:rotten_egg":1,"minecraft:iron_axe":1,"minecraft:egg":16},"minecraft:used":{"minecraft:spruce_boat":2,"minecraft:wheat_seeds":61,"soulsweapons:kirkhammer":4,"minecraft:iron_shovel":1,"farmersdelight:diamond_knife":134,"minecraft:chest":10,"pack_it_up:pack_bench":1,"candlelight:gold_ring":1,"magistuarmory:diamond_concavehalberd":1,"minecraft:spyglass":1,"soulsweapons:moonstone_axe":66,"camping:small_backpack":1,"farmersdelight:egg_sandwich":1,"minecraft:egg":65,"minecraft:cooked_beef":1,"farmersdelight:fried_egg":3},"minecraft:mined":{"minecraft:wheat":63,"minecraft:chest":1,"minecraft:sugar_cane":2,"camping:small_backpack":2}},"DataVersion":3465}