{"stats":{"minecraft:custom":{"minecraft:time_since_rest":2527,"minecraft:open_chest":36,"minecraft:crouch_one_cm":126,"minecraft:play_time":2527,"minecraft:sprint_one_cm":4749,"minecraft:open_shulker_box":1,"minecraft:damage_taken":20,"minecraft:walk_one_cm":6921,"minecraft:sneak_time":18,"minecraft:interact_with_anvil":1,"minecraft:drop":1,"minecraft:jump":51,"minecraft:time_since_death":2527,"minecraft:total_world_time":2527,"minecraft:interact_with_crafting_table":7,"minecraft:fall_one_cm":1774,"minecraft:fly_one_cm":9470},"minecraft:picked_up":{"camping:small_backpack":1,"minecraft:chest":1},"minecraft:crafted":{"minecraft:chest":6,"minecraft:spruce_planks":48,"magistuarmory:leather_strip":12},"minecraft:dropped":{"minecraft:iron_axe":1},"minecraft:used":{"soulsweapons:moonstone_axe":1,"minecraft:chest":6,"minecraft:cooked_beef":1},"minecraft:mined":{"minecraft:chest":1,"camping:small_backpack":1}},"DataVersion":3465}