{"stats":{"minecraft:custom":{"minecraft:time_since_rest":1629,"minecraft:interact_with_furnace":4,"minecraft:sprint_one_cm":51483,"minecraft:walk_one_cm":57556,"minecraft:damage_taken":26,"minecraft:interact_with_anvil":7,"minecraft:mob_kills":28,"minecraft:drop":4,"minecraft:damage_dealt":2947,"minecraft:interact_with_crafting_table":34,"minecraft:fly_one_cm":47891,"minecraft:open_chest":190,"minecraft:crouch_one_cm":300,"minecraft:open_shulker_box":4,"minecraft:play_time":26527,"minecraft:interact_with_campfire":4,"minecraft:sneak_time":73,"minecraft:jump":340,"minecraft:interact_with_blast_furnace":7,"minecraft:time_since_death":26527,"minecraft:walk_on_water_one_cm":1634,"minecraft:sleep_in_bed":2,"minecraft:total_world_time":26527,"minecraft:climb_one_cm":2420,"minecraft:fall_one_cm":7024},"minecraft:killed":{"minecraft:cow":28},"minecraft:picked_up":{"minecraft:wheat":63,"minecraft:leather":50,"iceandfire:rotten_egg":3,"farmersdelight:fried_egg":4,"minecraft:wheat_seeds":173,"minecraft:beef":56,"minecraft:light_gray_wool":15,"camping:small_backpack":2,"minecraft:chest":1,"minecraft:white_wool":32,"minecraft:egg":85},"minecraft:crafted":{"pack_it_up:backpack":1,"pack_it_up:frame":2,"magistuarmory:hilt":2,"magistuarmory:diamond_concavehalberd":1,"pack_it_up:pack_bench":1,"pack_it_up:backpack_bag":2,"minecraft:ladder":9,"minecraft:spruce_planks":48,"minecraft:stick":12,"minecraft:chest":11,"farmersdelight:diamond_knife":1,"magistuarmory:pole":1,"pack_it_up:cloth":7,"magistuarmory:leather_strip":18,"minecraft:air":0},"minecraft:dropped":{"pack_it_up:backpack":1,"iceandfire:rotten_egg":1,"minecraft:iron_axe":1,"minecraft:egg":16},"minecraft:used":{"minecraft:wheat_seeds":61,"soulsweapons:kirkhammer":4,"minecraft:iron_shovel":1,"farmersdelight:diamond_knife":54,"minecraft:chest":10,"pack_it_up:pack_bench":1,"soulsweapons:moonstone_axe":64,"camping:small_backpack":1,"minecraft:egg":65,"minecraft:cooked_beef":1,"farmersdelight:fried_egg":3},"minecraft:mined":{"minecraft:wheat":63,"minecraft:chest":1,"camping:small_backpack":2}},"DataVersion":3465}