{"stats":{"minecraft:custom":{"minecraft:interact_with_furnace":11,"lootr:looted_stat":4,"incapacitated:times_incapped":8,"minecraft:mob_kills":67,"minecraft:interact_with_anvil":7,"minecraft:interact_with_crafting_table":39,"minecraft:open_shulker_box":4,"minecraft:interact_with_campfire":4,"minecraft:time_since_death":4060,"minecraft:sleep_in_bed":3,"minecraft:climb_one_cm":2452,"minecraft:time_since_rest":4083,"minecraft:sprint_one_cm":105523,"minecraft:damage_taken":12531,"minecraft:walk_one_cm":81393,"minecraft:drop":15,"minecraft:damage_dealt":7733,"minecraft:swim_one_cm":1723,"minecraft:fly_one_cm":165601,"minecraft:open_chest":219,"minecraft:crouch_one_cm":941,"minecraft:play_time":44527,"minecraft:deaths":8,"minecraft:sneak_time":295,"minecraft:walk_under_water_one_cm":452,"minecraft:boat_one_cm":142206,"minecraft:jump":1057,"minecraft:interact_with_blast_furnace":14,"minecraft:walk_on_water_one_cm":5119,"minecraft:total_world_time":44527,"minecraft:fall_one_cm":18098},"minecraft:killed":{"iceandfire:ice_dragon":1,"minecraft:cow":66},"minecraft:picked_up":{"minecraft:crafting_table":1,"farmersdelight:cabbage_rolls":2,"minecraft:wheat":63,"minecraft:leather":115,"iceandfire:frozen_grass":4,"minecraft:dirt":2,"minecraft:moss_carpet":4,"minecraft:lantern":1,"minecraft:wheat_seeds":175,"minecraft:spruce_planks":11,"minecraft:beef":130,"minecraft:chest":1,"minecraft:light_gray_wool":15,"minecraft:sugar_cane":26,"minecraft:moss_block":1,"minecraft:book":2,"iceandfire:ice_dragon_heart":1,"minecraft:egg":85,"minecraft:stick":2,"iceandfire:dragonbone":8,"iceandfire:dragonscales_sapphire":24,"minecraft:spruce_stairs":1,"iceandfire:rotten_egg":3,"minecraft:spruce_sapling":1,"minecraft:spruce_log":5,"iceandfire:frozen_dirt":5,"minecraft:spruce_door":2,"iceandfire:dragon_skull_ice":2,"iceandfire:silver_ingot":5,"farmersdelight:fried_egg":4,"minecraft:purple_bed":1,"minecraft:spruce_boat":4,"minecraft:hay_block":2,"iceandfire:ice_dragon_flesh":3,"camping:small_backpack":2,"iceandfire:silver_nugget":46,"minecraft:cobblestone":3,"minecraft:white_wool":32,"minecraft:oak_leaves":1},"minecraft:crafted":{"minecraft:cooked_beef":5,"pack_it_up:backpack":1,"iceandfire:armor_sapphire_helmet":1,"pack_it_up:pack_bench":1,"pack_it_up:backpack_bag":2,"minecraft:spruce_planks":48,"iceandfire:armor_sapphire_chestplate":1,"minecraft:copper_ingot":28,"candlelight:gold_ring":1,"minecraft:air":0,"iceandfire:armor_sapphire_leggings":1,"pack_it_up:frame":2,"magistuarmory:hilt":2,"magistuarmory:diamond_concavehalberd":1,"minecraft:ladder":9,"magistuarmory:steel_ingot":9,"minecraft:stick":12,"minecraft:chest":11,"minecraft:gold_ingot":5,"iceandfire:armor_sapphire_boots":1,"minecraft:spruce_boat":2,"farmersdelight:diamond_knife":1,"pack_it_up:cloth":7,"magistuarmory:pole":1,"magistuarmory:leather_strip":18},"minecraft:dropped":{"minecraft:moss_carpet":4,"minecraft:sugar_cane":13,"pack_it_up:backpack":1,"minecraft:glass_bottle":1,"minecraft:book":2,"iceandfire:dragon_skull_ice":1,"iceandfire:frozen_grass":2,"minecraft:stick":2,"farmersdelight:cabbage_rolls":2,"iceandfire:rotten_egg":1,"iceandfire:silver_ingot":5,"minecraft:iron_axe":1,"iceandfire:dragonbone":4,"minecraft:spruce_sapling":1,"minecraft:egg":16},"minecraft:broken":{"magistuarmoryaddon:closed_barbute":1,"magistuarmoryaddon:avant_leggings":1,"magistuarmoryaddon:embosed_parade_boots":1},"minecraft:used":{"minecraft:moss_block":1,"minecraft:wheat_seeds":61,"farmersdelight:diamond_knife":134,"minecraft:iron_shovel":12,"minecraft:spruce_planks":5,"minecraft:chest":10,"soulsweapons:moonstone_pickaxe":13,"pack_it_up:pack_bench":1,"candlelight:gold_ring":1,"iceandfire:frozen_dirt":3,"minecraft:dirt":2,"minecraft:spyglass":2,"soulsweapons:moonstone_axe":72,"camping:small_backpack":1,"minecraft:crafting_table":2,"iceandfire:frozen_grass":2,"minecraft:shears":1,"minecraft:spruce_boat":7,"soulsweapons:holy_greatsword":5,"soulsweapons:kirkhammer":4,"minecraft:apple":8,"magistuarmory:diamond_concavehalberd":6,"minecraft:potion":1,"minecraft:beef":1,"minecraft:purple_bed":1,"farmersdelight:egg_sandwich":1,"minecraft:egg":65,"minecraft:cooked_beef":1,"farmersdelight:fried_egg":3},"minecraft:killed_by":{"iceandfire:ice_dragon":7},"minecraft:mined":{"minecraft:spruce_planks":2,"minecraft:crafting_table":1,"iceandfire:dragon_ice_spikes":10,"farm_and_charm:wild_carrots":1,"minecraft:grass_block":2,"iceandfire:frozen_grass":5,"minecraft:chest":1,"iceandfire:frozen_dirt":6,"minecraft:sugar_cane":5,"minecraft:moss_block":2,"camping:small_backpack":2,"minecraft:large_fern":1,"minecraft:hay_block":2,"minecraft:wheat":63,"minecraft:dirt":1,"minecraft:stone":3,"minecraft:oak_leaves":1}},"DataVersion":3465}