{"stats":{"minecraft:custom":{"minecraft:jump":49,"minecraft:open_chest":5,"minecraft:time_since_rest":3284,"minecraft:crouch_one_cm":22,"minecraft:sprint_one_cm":11117,"minecraft:play_time":3284,"minecraft:time_since_death":3284,"minecraft:walk_one_cm":4901,"minecraft:sneak_time":22,"minecraft:total_world_time":3284,"minecraft:drop":1,"minecraft:fall_one_cm":1672,"minecraft:fly_one_cm":13403},"minecraft:picked_up":{"minecraft:oak_slab":1,"minecraft:golden_carrot":1},"minecraft:dropped":{"minecraft:golden_carrot":1},"minecraft:used":{"minecraft:golden_carrot":3}},"DataVersion":3465}