{"stats":{"minecraft:custom":{"minecraft:jump":59,"minecraft:open_chest":10,"minecraft:time_since_rest":6632,"minecraft:leave_game":1,"minecraft:crouch_one_cm":355,"minecraft:interact_with_furnace":4,"minecraft:sprint_one_cm":13167,"minecraft:play_time":6632,"minecraft:time_since_death":6632,"minecraft:walk_one_cm":9343,"minecraft:sneak_time":209,"minecraft:total_world_time":6632,"minecraft:drop":1,"minecraft:fall_one_cm":2090,"minecraft:fly_one_cm":14849},"minecraft:picked_up":{"minecraft:oak_slab":1,"minecraft:golden_carrot":1},"minecraft:crafted":{"minecraft:gold_ingot":6,"minecraft:air":0},"minecraft:dropped":{"minecraft:golden_carrot":1},"minecraft:used":{"minecraft:golden_carrot":3}},"DataVersion":3465}